id,guid,name,gender,company,phone,address,latitude,longitude
1,27ca13da-01f2-4d96-9144-40c0cd8529a9,Mullen Kemp,male,DIGIGEN,+1 (920) 478-3609,"797 Bushwick Avenue, Monument, Palau, 8479",-48.05881,155.038239
2,3ef564a5-cdfe-42b6-a1b8-9529f0e3b040,Fleming Foster,male,ACCIDENCY,+1 (887) 474-3857,"961 Ridge Court, Whipholt, Puerto Rico, 7672",22.729719,116.604453
3,b2243a60-4035-48d0-8048-870981ef0d16,Maxwell Randolph,male,TERASCAPE,+1 (818) 600-3343,"353 Midwood Street, Graniteville, Colorado, 2925",0.929113,-101.284544
4,845fe4db-6329-44f2-80d7-60afbb67b94f,Lee Cameron,male,EVIDENDS,+1 (982) 514-3432,"357 Portland Avenue, Caledonia, North Carolina, 6432",-75.979942,-120.293697
5,6bad2d43-c48d-424e-b949-7ff8c664b965,Glenn Velasquez,male,GLASSTEP,+1 (832) 480-3601,"725 Miller Place, Colton, Rhode Island, 642",-56.870901,178.119097
6,9d32c121-ab6e-4e32-9101-7fe14ca18a77,Reid Robles,male,DAIDO,+1 (954) 544-3781,"604 Murdock Court, Rehrersburg, Washington, 3645",81.175242,-35.650006
7,9da12910-1375-4cce-b243-219e4ccc135a,Leach Pickett,male,UNQ,+1 (810) 542-2455,"338 Melba Court, Winston, Virgin Islands, 9324",84.692229,-116.749822
8,f52e1ae2-4851-436a-9166-3e499dfff911,Kendra Klein,female,GEOLOGIX,+1 (886) 414-2533,"124 Beacon Court, Sandston, Utah, 8247",79.150567,128.082176
9,f32aca6f-3e4b-445e-b87d-2e018117e416,Petty England,male,ZENOLUX,+1 (936) 565-2662,"498 Berry Street, Yorklyn, Marshall Islands, 8730",-69.392057,-39.528396
10,051cf780-1b06-464c-b253-776fae14dece,Jimenez Howe,male,PRINTSPAN,+1 (970) 540-3331,"751 Glenmore Avenue, Sunbury, Maryland, 2980",-13.737928,99.635366
11,84928286-cecc-431a-9d25-f918c3b78f0c,Sonia Chandler,female,ZOARERE,+1 (849) 498-2502,"875 Prospect Avenue, Gallina, Hawaii, 5375",-34.537839,-116.464037
12,635f5213-6658-44c9-9ca3-9543f39c3e64,Camacho Walker,male,VELOS,+1 (839) 583-3860,"858 Preston Court, Helen, Montana, 6633",22.012527,37.191745
13,3c350a04-e22e-49c9-ad36-33d898419af8,Monroe Stephens,male,APEX,+1 (885) 502-3861,"110 Berkeley Place, Succasunna, New Hampshire, 4486",9.08759,-78.586337
14,84e22979-5bdd-44ee-a329-6b2ad767e3c1,Carver Davenport,male,ZENSURE,+1 (986) 564-2093,"200 Lafayette Avenue, Ironton, Texas, 9445",-38.967578,93.702072
15,03ec8a9b-c3c9-4bf5-8b20-ce9d49a99ba4,Peck Dyer,male,EYEWAX,+1 (894) 471-3771,"135 Whitney Avenue, Draper, Idaho, 3129",79.252076,91.452526
16,aa509840-37a0-4f49-b070-7f4933318a97,Summers Davis,male,EDECINE,+1 (982) 411-2572,"708 Tiffany Place, Bridgetown, Kansas, 5238",-67.485794,31.958197
17,7d7e7a7f-d67e-48c0-92dd-0c43f8a416bd,Marjorie Munoz,female,KOFFEE,+1 (888) 441-3280,"209 Schenck Place, Dragoon, Northern Mariana Islands, 8798",-7.362397,-138.215036
18,acca0599-ad11-488d-a239-ac3eb41878a2,Kimberly Duke,female,VERBUS,+1 (909) 506-3434,"851 Schaefer Street, Springhill, Arizona, 5251",78.802584,0.333265
19,4dc6685d-bd65-462b-933e-c60176c48cc6,Compton Rogers,male,INFOTRIPS,+1 (889) 531-3836,"193 Lenox Road, Cataract, Delaware, 5364",-36.747934,112.21543
20,0dc4d452-256c-4574-8277-2464b422744d,Blevins Mcfarland,male,XANIDE,+1 (832) 510-2805,"184 Ruby Street, Sparkill, Georgia, 6793",-56.578863,104.976571
21,3d38ea3a-105c-430c-a1d1-5adffe1304b1,Mccormick Robbins,male,LETPRO,+1 (970) 514-2152,"821 Livonia Avenue, Brady, Florida, 3745",85.513831,-160.722588
22,47b185b4-b813-4ab5-a230-c06268d1e7b5,Fannie Weaver,female,ZENTIX,+1 (990) 470-3402,"505 Sackett Street, Marion, West Virginia, 2531",-16.482112,-147.623854
23,92fc27a6-683c-4a8c-a08f-a2e171466dd0,Carlson Dominguez,male,XLEEN,+1 (840) 468-3467,"603 Keap Street, Woodlands, Michigan, 4444",-89.226559,74.078392
24,15c5d07d-e515-427b-b189-3159869477d0,Danielle Hodge,female,GEOFARM,+1 (811) 519-2074,"516 Alice Court, Lindcove, California, 227",84.400504,150.722727
25,5bbf18e4-3930-4a25-93ca-698259025b57,Rosalinda Duffy,female,ANACHO,+1 (956) 579-2581,"926 Lewis Avenue, Wolcott, Nevada, 2587",-20.565959,-37.693768
26,2b9eea6d-e6a7-4c22-b515-351b1586630d,Dickson Russo,male,ZEROLOGY,+1 (974) 414-3584,"947 Johnson Street, Jennings, New York, 6554",70.994331,116.955181
27,b626bfad-ee81-4aba-9173-71d59a5c7f59,Terry Hahn,female,DIGINETIC,+1 (991) 579-2618,"766 Sumner Place, Morriston, Alaska, 8052",59.082904,141.126835
28,9fedaa55-47f8-47e8-8e19-2290106a108a,Logan Cole,male,DIGITALUS,+1 (956) 414-2618,"829 Calyer Street, Hinsdale, Illinois, 5717",-67.437191,10.572756
29,ac5aaa6a-11e4-4eab-93ed-b5d80bcacb10,Orr Morgan,male,ORBEAN,+1 (818) 529-3701,"493 Grattan Street, Silkworth, Mississippi, 1686",-34.781217,178.818562
30,876aab23-41aa-4003-8d2f-29a5f4aae298,Adeline Gentry,female,PYRAMAX,+1 (869) 505-2432,"700 Verona Street, Why, Vermont, 5526",24.821166,-124.832556
31,1472a56f-b4c2-4ba9-bfd0-633eee4a268c,Nixon Lowery,male,NEXGENE,+1 (929) 578-2161,"676 Cheever Place, Vernon, Nebraska, 6244",16.777857,-137.192728
32,3c1d8800-cf73-4edd-8d03-5b0d6ed5ab4d,Lynch Foley,male,ELENTRIX,+1 (849) 531-2747,"619 Devoe Street, Walton, Connecticut, 5186",51.670697,13.63084
33,fdf18736-9fe1-4778-8c9f-fea4a5aa1858,Sharpe Park,male,OBONES,+1 (927) 595-3226,"904 Bevy Court, Hiwasse, Ohio, 5080",28.715829,150.849501
34,b566fa1d-533a-4799-9961-433a04732d61,Hoffman Jordan,male,UPLINX,+1 (922) 484-3295,"502 Garden Street, Saranap, American Samoa, 8866",-18.586669,-10.175934
35,6fb93b45-bde2-4a50-8d90-6ba467ca20f2,Whitney Hensley,male,MEMORA,+1 (805) 431-2274,"688 Knapp Street, Fillmore, Virginia, 3660",62.815114,167.358381
36,8f1f0771-cc4a-4876-9376-e5b6205ba3df,Faye Rivera,female,SLOFAST,+1 (997) 442-3190,"103 Channel Avenue, Maxville, Minnesota, 2701",62.386676,-71.670581
37,a1f91075-b372-453d-8191-313d282a0be9,Le Love,male,TALKOLA,+1 (979) 479-3629,"175 Suydam Place, Columbus, New Mexico, 3613",28.639069,-71.495454
38,dc47a28b-1e50-4a15-b3c4-d2127587f1cd,Marsh Bass,male,VALREDA,+1 (815) 470-3133,"962 Macon Street, Caln, Oregon, 8452",78.67602,87.049447
39,296458d7-b147-4a4a-b32f-ac58339165fe,Hansen Shepard,male,MIXERS,+1 (990) 483-2001,"284 Furman Avenue, Lacomb, Wyoming, 3453",11.686461,-71.259574
40,5a52f4f7-cafd-400a-a4d7-4dbc672d4c66,Tami Strickland,female,QUARX,+1 (945) 542-3969,"570 Quay Street, Delwood, Kentucky, 4008",70.300498,-10.214007
41,d52ac2f5-c841-4060-89fa-ef8f7e3528c4,Herminia Salas,female,SENSATE,+1 (817) 594-3432,"566 Bryant Street, Dunbar, Indiana, 9695",31.759243,-40.9745
42,d58e9b51-0a0a-4803-bab5-0307d46c19c9,Sharlene Velez,female,SURELOGIC,+1 (905) 506-2678,"818 Boerum Street, Katonah, South Carolina, 4269",26.013707,-111.141202
43,7d87c512-ff87-4f51-bab7-1ebb5576e513,Gordon Burris,male,PORTICO,+1 (870) 510-2365,"362 Tompkins Place, Hailesboro, Arkansas, 8053",7.280007,71.857726
44,cd3999fa-e5e6-4c38-93a1-8cad093d6203,Burke Mcclain,male,MINGA,+1 (815) 452-3519,"447 Noll Street, Brutus, Louisiana, 1928",46.849879,44.697622
45,8f3b7f98-fbfb-4e2f-9fc6-003324c22b5d,Norma Talley,female,NEOCENT,+1 (837) 433-3264,"358 Clifton Place, Derwood, Tennessee, 346",88.687593,100.03088
46,bb47ed49-38f2-4024-94e8-e8b7e38f2b97,Gallagher Barnett,male,JIMBIES,+1 (929) 481-2150,"150 Linwood Street, Hartsville/Hartley, Alabama, 6312",79.44648,-14.540249
47,963c6986-3b04-4f76-90d5-347be9d88c37,Dena Branch,female,ENOMEN,+1 (929) 505-2245,"917 Albemarle Terrace, Richmond, Iowa, 2500",-89.623771,64.988431
48,d27930c2-b5f8-4e60-b6eb-5d42185d041d,Rachel Alford,female,KEENGEN,+1 (809) 502-3600,"177 Montauk Avenue, Ahwahnee, Wisconsin, 6229",54.137716,-108.933417
49,723fb137-ddd2-4eb7-b212-fb37277db1fb,Annmarie Sullivan,female,DATACATOR,+1 (933) 527-2822,"939 Autumn Avenue, Maplewood, Massachusetts, 2523",49.837293,-150.367139
50,5121a70c-cc4b-4f7d-b259-67af36b14af2,Herring Gutierrez,male,VERAQ,+1 (996) 525-3547,"455 Morton Street, Whitewater, Maine, 7686",-14.735051,2.561374
51,7cc0abb4-7c58-4019-9953-236578f741ea,Bright Guerrero,male,PANZENT,+1 (834) 505-2848,"964 Meserole Avenue, Vale, Oklahoma, 7725",-47.863176,54.503567
52,99b0edd0-39e7-4c18-9ac9-ffe555ec48d7,Kerr Hendrix,male,DOGNOSIS,+1 (982) 416-3007,"159 Oriental Court, Dorneyville, Federated States Of Micronesia, 9531",23.855309,33.924183
53,65c1396c-0d05-4723-9a77-b14d42e2b3bf,Shepherd Palmer,male,COREPAN,+1 (908) 465-2074,"341 Taaffe Place, Albany, District Of Columbia, 7435",-30.063028,30.942557
54,a84f847a-119b-41a6-8b5d-05fa9fe02211,Theresa Nunez,female,ZIALACTIC,+1 (824) 533-2528,"616 Ainslie Street, Camas, North Dakota, 704",12.725454,-150.78247
55,db2ee2b7-6573-471f-95a9-2043f4530242,Mandy Bauer,female,RUGSTARS,+1 (922) 515-2179,"793 Dekoven Court, Homeworth, Guam, 4172",-65.32242,-12.230417
56,a63d5ffa-9ccf-4507-a48a-622934cc928e,Simon Mcdonald,male,NETERIA,+1 (913) 551-3629,"256 Dupont Street, Freeburn, Missouri, 1086",58.325304,-2.678014
57,07ab2d52-42b3-413d-906d-2fec5e9731cc,Mccall Kent,male,TEMORAK,+1 (958) 501-3149,"781 Jackson Court, Winfred, New Jersey, 1010",85.888705,7.96595
58,421b2a0b-3aab-4c34-b363-325ebc56da82,Marcie Hart,female,CABLAM,+1 (830) 401-2593,"747 Verona Place, Kimmell, Pennsylvania, 726",-80.515401,116.079006
59,8d12366b-40a6-4c69-b67c-efaddd05db38,Sears Hurst,male,IDETICA,+1 (863) 489-3987,"469 Alabama Avenue, Longoria, Palau, 6020",46.459037,167.459068
60,09f63a62-6e9f-4dd7-9651-28c636ca17c0,Carissa Bridges,female,HIVEDOM,+1 (973) 423-3893,"123 Clinton Street, Romeville, Puerto Rico, 9618",-86.566094,7.171216
61,d310671f-7576-4310-91eb-aebaf4332a73,Hughes Moody,male,ELEMANTRA,+1 (813) 561-2455,"851 Wyona Street, Chumuckla, Colorado, 4622",-52.338285,36.82383
62,532aa72b-f792-40f5-ae52-cee44bde1dd9,Davenport Avery,male,AQUASURE,+1 (855) 454-2759,"292 Cass Place, Buxton, North Carolina, 8870",-50.443914,89.064674
63,5a3faa1f-c442-478c-95ab-4b8cb56c22a2,Casey Rice,male,KOZGENE,+1 (980) 455-2649,"686 Ivan Court, Libertytown, Rhode Island, 1689",-74.982779,121.899938
