id,email,guid,isActive,registered
1,mullenkemp@digigen.com,27ca13da-01f2-4d96-9144-40c0cd8529a9,1,2015-03-21T04:02:32 -01:00
2,flemingfoster@accidency.com,3ef564a5-cdfe-42b6-a1b8-9529f0e3b040,1,2015-03-14T12:52:39 -01:00
3,maxwellrandolph@terascape.com,b2243a60-4035-48d0-8048-870981ef0d16,1,2014-08-22T06:17:54 -02:00
4,leecameron@evidends.com,845fe4db-6329-44f2-80d7-60afbb67b94f,1,2014-08-09T03:25:47 -02:00
5,glennvelasquez@glasstep.com,6bad2d43-c48d-424e-b949-7ff8c664b965,0,2017-02-15T01:48:09 -01:00
6,reidrobles@daido.com,9d32c121-ab6e-4e32-9101-7fe14ca18a77,0,2017-01-14T07:50:35 -01:00
7,leachpickett@unq.com,9da12910-1375-4cce-b243-219e4ccc135a,0,2016-09-19T04:33:32 -02:00
8,kendraklein@geologix.com,f52e1ae2-4851-436a-9166-3e499dfff911,1,2014-08-03T12:28:59 -02:00
9,pettyengland@zenolux.com,f32aca6f-3e4b-445e-b87d-2e018117e416,1,2015-03-10T05:50:38 -01:00
10,jimenezhowe@printspan.com,051cf780-1b06-464c-b253-776fae14dece,1,2015-09-26T02:28:29 -02:00
11,soniachandler@zoarere.com,84928286-cecc-431a-9d25-f918c3b78f0c,0,2015-03-23T02:22:21 -01:00
12,camachowalker@velos.com,635f5213-6658-44c9-9ca3-9543f39c3e64,0,2015-11-15T05:55:15 -01:00
13,monroestephens@apex.com,3c350a04-e22e-49c9-ad36-33d898419af8,0,2016-02-26T07:34:44 -01:00
14,carverdavenport@zensure.com,84e22979-5bdd-44ee-a329-6b2ad767e3c1,0,2014-04-07T05:45:08 -02:00
15,peckdyer@eyewax.com,03ec8a9b-c3c9-4bf5-8b20-ce9d49a99ba4,1,2017-06-02T08:05:33 -02:00
16,summersdavis@edecine.com,aa509840-37a0-4f49-b070-7f4933318a97,1,2015-12-05T01:19:21 -01:00
17,marjoriemunoz@koffee.com,7d7e7a7f-d67e-48c0-92dd-0c43f8a416bd,1,2014-05-09T10:03:38 -02:00
18,kimberlyduke@verbus.com,acca0599-ad11-488d-a239-ac3eb41878a2,1,2016-09-06T06:40:41 -02:00
19,comptonrogers@infotrips.com,4dc6685d-bd65-462b-933e-c60176c48cc6,0,2015-07-22T04:33:04 -02:00
20,blevinsmcfarland@xanide.com,0dc4d452-256c-4574-8277-2464b422744d,0,2016-12-11T07:16:31 -01:00
21,mccormickrobbins@letpro.com,3d38ea3a-105c-430c-a1d1-5adffe1304b1,0,2016-05-04T03:40:51 -02:00
22,fannieweaver@zentix.com,47b185b4-b813-4ab5-a230-c06268d1e7b5,0,2015-08-15T12:59:22 -02:00
23,carlsondominguez@xleen.com,92fc27a6-683c-4a8c-a08f-a2e171466dd0,0,2016-03-17T01:39:28 -01:00
24,daniellehodge@geofarm.com,15c5d07d-e515-427b-b189-3159869477d0,0,2016-11-21T10:43:20 -01:00
25,rosalindaduffy@anacho.com,5bbf18e4-3930-4a25-93ca-698259025b57,0,2015-12-12T02:50:42 -01:00
26,dicksonrusso@zerology.com,2b9eea6d-e6a7-4c22-b515-351b1586630d,0,2016-10-03T01:20:18 -02:00
27,terryhahn@diginetic.com,b626bfad-ee81-4aba-9173-71d59a5c7f59,0,2015-03-01T06:05:40 -01:00
28,logancole@digitalus.com,9fedaa55-47f8-47e8-8e19-2290106a108a,0,2015-09-29T10:41:16 -02:00
29,orrmorgan@orbean.com,ac5aaa6a-11e4-4eab-93ed-b5d80bcacb10,1,2016-12-07T01:08:35 -01:00
30,adelinegentry@pyramax.com,876aab23-41aa-4003-8d2f-29a5f4aae298,0,2014-03-28T02:02:08 -01:00
31,nixonlowery@nexgene.com,1472a56f-b4c2-4ba9-bfd0-633eee4a268c,1,2015-10-13T04:31:05 -02:00
32,lynchfoley@elentrix.com,3c1d8800-cf73-4edd-8d03-5b0d6ed5ab4d,1,2016-02-04T02:44:22 -01:00
33,sharpepark@obones.com,fdf18736-9fe1-4778-8c9f-fea4a5aa1858,1,2016-11-27T11:15:26 -01:00
34,hoffmanjordan@uplinx.com,b566fa1d-533a-4799-9961-433a04732d61,0,2015-12-13T11:17:22 -01:00
35,whitneyhensley@memora.com,6fb93b45-bde2-4a50-8d90-6ba467ca20f2,1,2017-04-01T08:16:48 -02:00
36,fayerivera@slofast.com,8f1f0771-cc4a-4876-9376-e5b6205ba3df,0,2014-01-31T05:27:36 -01:00
37,lelove@talkola.com,a1f91075-b372-453d-8191-313d282a0be9,0,2014-07-29T10:56:58 -02:00
38,marshbass@valreda.com,dc47a28b-1e50-4a15-b3c4-d2127587f1cd,1,2014-12-31T02:03:07 -01:00
39,hansenshepard@mixers.com,296458d7-b147-4a4a-b32f-ac58339165fe,0,2016-09-17T07:38:53 -02:00
40,tamistrickland@quarx.com,5a52f4f7-cafd-400a-a4d7-4dbc672d4c66,1,2014-04-27T04:13:45 -02:00
41,herminiasalas@sensate.com,d52ac2f5-c841-4060-89fa-ef8f7e3528c4,1,2014-12-16T10:36:06 -01:00
42,sharlenevelez@surelogic.com,d58e9b51-0a0a-4803-bab5-0307d46c19c9,1,2016-03-22T03:20:48 -01:00
43,gordonburris@portico.com,7d87c512-ff87-4f51-bab7-1ebb5576e513,0,2015-08-25T04:46:50 -02:00
44,burkemcclain@minga.com,cd3999fa-e5e6-4c38-93a1-8cad093d6203,1,2015-09-21T07:42:01 -02:00
45,normatalley@neocent.com,8f3b7f98-fbfb-4e2f-9fc6-003324c22b5d,0,2016-09-25T05:08:35 -02:00
46,gallagherbarnett@jimbies.com,bb47ed49-38f2-4024-94e8-e8b7e38f2b97,0,2016-02-15T11:12:23 -01:00
47,denabranch@enomen.com,963c6986-3b04-4f76-90d5-347be9d88c37,0,2014-04-28T05:46:40 -02:00
48,rachelalford@keengen.com,d27930c2-b5f8-4e60-b6eb-5d42185d041d,1,2016-09-18T01:50:11 -02:00
49,annmariesullivan@datacator.com,723fb137-ddd2-4eb7-b212-fb37277db1fb,0,2015-07-07T04:23:56 -02:00
50,herringgutierrez@veraq.com,5121a70c-cc4b-4f7d-b259-67af36b14af2,1,2016-08-02T09:42:48 -02:00
51,brightguerrero@panzent.com,7cc0abb4-7c58-4019-9953-236578f741ea,1,2015-08-31T10:12:07 -02:00
52,kerrhendrix@dognosis.com,99b0edd0-39e7-4c18-9ac9-ffe555ec48d7,0,2014-12-05T06:47:42 -01:00
53,shepherdpalmer@corepan.com,65c1396c-0d05-4723-9a77-b14d42e2b3bf,0,2016-01-05T12:35:55 -01:00
54,theresanunez@zialactic.com,a84f847a-119b-41a6-8b5d-05fa9fe02211,1,2017-02-21T06:31:20 -01:00
55,mandybauer@rugstars.com,db2ee2b7-6573-471f-95a9-2043f4530242,0,2016-09-06T08:32:16 -02:00
56,simonmcdonald@neteria.com,a63d5ffa-9ccf-4507-a48a-622934cc928e,1,2014-04-21T04:14:00 -02:00
57,mccallkent@temorak.com,07ab2d52-42b3-413d-906d-2fec5e9731cc,0,2015-11-23T11:31:56 -01:00
58,marciehart@cablam.com,421b2a0b-3aab-4c34-b363-325ebc56da82,0,2014-09-21T03:55:42 -02:00
59,searshurst@idetica.com,8d12366b-40a6-4c69-b67c-efaddd05db38,0,2016-05-28T11:59:55 -02:00
60,carissabridges@hivedom.com,09f63a62-6e9f-4dd7-9651-28c636ca17c0,1,2017-04-23T05:49:17 -02:00
61,hughesmoody@elemantra.com,d310671f-7576-4310-91eb-aebaf4332a73,1,2014-03-24T07:38:14 -01:00
62,davenportavery@aquasure.com,532aa72b-f792-40f5-ae52-cee44bde1dd9,0,2015-12-27T12:01:08 -01:00
63,caseyrice@kozgene.com,5a3faa1f-c442-478c-95ab-4b8cb56c22a2,0,2014-07-21T08:49:04 -02:00
